<?xml version="1.0" encoding="UTF-8"?>
<project-private xmlns="http://www.netbeans.org/ns/project-private/1">
    <editor-bookmarks xmlns="http://www.netbeans.org/ns/editor-bookmarks/2" lastBookmarkId="0"/>
    <open-files xmlns="http://www.netbeans.org/ns/projectui-open-files/2">
        <group>
            <file>file:/C:/Users/shagt/Music/UVG/Octavo%20semestre/Digital%202/Laboratorios/Lab02/Postlab02.X/UART.c</file>
            <file>file:/C:/Users/shagt/Music/UVG/Octavo%20semestre/Digital%202/Laboratorios/Lab02/Lab02.X/Lab02.c</file>
            <file>file:/C:/Users/shagt/Music/UVG/Octavo%20semestre/Digital%202/Laboratorios/Lab02/Postlab02.X/UART.h</file>
            <file>file:/C:/Users/shagt/Music/UVG/Octavo%20semestre/Digital%202/Laboratorios/Lab02/Postlab02.X/Postlab02.c</file>
        </group>
    </open-files>
</project-private>
